Chris,Chong
second,human
Another,Name,More!,1232567,sadfgh,sadfsg@gasg.com,adsfgr345
Uh oh,Does,This edit?,1243546,asdgfh,adsfg@gsfdfg.com,aetw124
Chris,Chog,bob,122345,asdfgh,sdgaf@dsfg.com,adsfgwrt45d45
check,size,help,12345,asdsdfgh,adsfdsaf@dsfargsd.com,asdfwre234357
weth,asdfshgj,fsdgertgrd,123456,dftytu,dsfg@sdfghejtrrgsdfv.com,adwgerth1325465y
Chris,asdgfh,Helpppp,123456,sdfgh,sdgdffh@adsgfhdjrytgdfs.com,adsgfhw45675
Chris,asdfgs,wetryth,234567,sdfghu,dasgfh@fgshfdf.com,sdsfhfj5467
Chris,Chong,Bob,123254678,Testing afdsghrt 1234,chris.chong@chris.comg,asdfdsfAS123
